CHRNB2_f_1	CCGCAACTACACGCCACCNNKGCCCGGCGCTGC
CHRNB2_f_2	CAACTACACGCCACCATGNNKCGGCGCTGCGGC
CHRNB2_f_3	CTACACGCCACCATGGCCNNKCGCTGCGGCCCC
CHRNB2_f_4	CACGCCACCATGGCCCGGNNKTGCGGCCCCGTG
CHRNB2_f_5	GCCACCATGGCCCGGCGCNNKGGCCCCGTGGCG
CHRNB2_f_6	ACCATGGCCCGGCGCTGCNNKCCCGTGGCGCTG
CHRNB2_f_7	ATGGCCCGGCGCTGCGGCNNKGTGGCGCTGCTC
CHRNB2_f_8	GCCCGGCGCTGCGGCCCCNNKGCGCTGCTCCTT
CHRNB2_f_9	CGGCGCTGCGGCCCCGTGNNKCTGCTCCTTGGC
CHRNB2_f_10	CGCTGCGGCCCCGTGGCGNNKCTCCTTGGCTTC
CHRNB2_f_11	TGCGGCCCCGTGGCGCTGNNKCTTGGCTTCGGC
CHRNB2_f_12	GGCCCCGTGGCGCTGCTCNNKGGCTTCGGCCTC
CHRNB2_f_13	CCCGTGGCGCTGCTCCTTNNKTTCGGCCTCCTC
CHRNB2_f_14	GTGGCGCTGCTCCTTGGCNNKGGCCTCCTCCGG
CHRNB2_f_15	GCGCTGCTCCTTGGCTTCNNKCTCCTCCGGCTG
CHRNB2_f_16	CTGCTCCTTGGCTTCGGCNNKCTCCGGCTGTGC
CHRNB2_f_17	CTCCTTGGCTTCGGCCTCNNKCGGCTGTGCTCA
CHRNB2_f_18	CTTGGCTTCGGCCTCCTCNNKCTGTGCTCAGGG
CHRNB2_f_19	GGCTTCGGCCTCCTCCGGNNKTGCTCAGGGGTG
CHRNB2_f_20	TTCGGCCTCCTCCGGCTGNNKTCAGGGGTGTGG
CHRNB2_f_21	GGCCTCCTCCGGCTGTGCNNKGGGGTGTGGGGT
CHRNB2_f_22	CTCCTCCGGCTGTGCTCANNKGTGTGGGGTGGA
CHRNB2_f_23	CTCCGGCTGTGCTCAGGGNNKTGGGGTGGAGAA
CHRNB2_f_24	CGGCTGTGCTCAGGGGTGNNKGGTGGAGAACAG
CHRNB2_f_25	CTGTGCTCAGGGGTGTGGNNKGGAGAACAGAAA
CHRNB2_f_26	TGCTCAGGGGTGTGGGGTNNKGAACAGAAATTG
CHRNB2_f_27	TCAGGGGTGTGGGGTGGANNKCAGAAATTGATC
CHRNB2_f_28	GGGGTGTGGGGTGGAGAANNKAAATTGATCTCC
CHRNB2_f_29	GTGTGGGGTGGAGAACAGNNKTTGATCTCCGAA
CHRNB2_f_30	TGGGGTGGAGAACAGAAANNKATCTCCGAAGAA
CHRNB2_f_31	GGTGGAGAACAGAAATTGNNKTCCGAAGAAGAC
CHRNB2_f_32	GGAGAACAGAAATTGATCNNKGAAGAAGACCTG
CHRNB2_f_33	GAACAGAAATTGATCTCCNNKGAAGACCTGTAC
CHRNB2_f_34	CAGAAATTGATCTCCGAANNKGACCTGTACGAC
CHRNB2_f_35	AAATTGATCTCCGAAGAANNKCTGTACGACGAT
CHRNB2_f_36	TTGATCTCCGAAGAAGACNNKTACGACGATGAC
CHRNB2_f_37	ATCTCCGAAGAAGACCTGNNKGACGATGACGAT
CHRNB2_f_38	TCCGAAGAAGACCTGTACNNKGATGACGATAAG
CHRNB2_f_39	GAAGAAGACCTGTACGACNNKGACGATAAGGGT
CHRNB2_f_40	GAAGACCTGTACGACGATNNKGATAAGGGTACG
CHRNB2_r_1	GGTGGCGTGTAGTTGCGGTATAAT
CHRNB2_r_2	CATGGTGGCGTGTAGTTGCGGTAT
CHRNB2_r_3	GGCCATGGTGGCGTGTAGTTGCGG
CHRNB2_r_4	CCGGGCCATGGTGGCGTGTAGTTG
CHRNB2_r_5	GCGCCGGGCCATGGTGGCGTGTAG
CHRNB2_r_6	GCAGCGCCGGGCCATGGTGGCGTG
CHRNB2_r_7	GCCGCAGCGCCGGGCCATGGTGGC
CHRNB2_r_8	GGGGCCGCAGCGCCGGGCCATGGT
CHRNB2_r_9	CACGGGGCCGCAGCGCCGGGCCAT
CHRNB2_r_10	CGCCACGGGGCCGCAGCGCCGGGC
CHRNB2_r_11	CAGCGCCACGGGGCCGCAGCGCCG
CHRNB2_r_12	GAGCAGCGCCACGGGGCCGCAGCG
CHRNB2_r_13	AAGGAGCAGCGCCACGGGGCCGCA
CHRNB2_r_14	GCCAAGGAGCAGCGCCACGGGGCC
CHRNB2_r_15	GAAGCCAAGGAGCAGCGCCACGGG
CHRNB2_r_16	GCCGAAGCCAAGGAGCAGCGCCAC
CHRNB2_r_17	GAGGCCGAAGCCAAGGAGCAGCGC
CHRNB2_r_18	GAGGAGGCCGAAGCCAAGGAGCAG
CHRNB2_r_19	CCGGAGGAGGCCGAAGCCAAGGAG
CHRNB2_r_20	CAGCCGGAGGAGGCCGAAGCCAAG
CHRNB2_r_21	GCACAGCCGGAGGAGGCCGAAGCC
CHRNB2_r_22	TGAGCACAGCCGGAGGAGGCCGAA
CHRNB2_r_23	CCCTGAGCACAGCCGGAGGAGGCC
CHRNB2_r_24	CACCCCTGAGCACAGCCGGAGGAG
CHRNB2_r_25	CCACACCCCTGAGCACAGCCGGAG
CHRNB2_r_26	ACCCCACACCCCTGAGCACAGCCG
CHRNB2_r_27	TCCACCCCACACCCCTGAGCACAG
CHRNB2_r_28	TTCTCCACCCCACACCCCTGAGCA
CHRNB2_r_29	CTGTTCTCCACCCCACACCCCTGA
CHRNB2_r_30	TTTCTGTTCTCCACCCCACACCCC
CHRNB2_r_31	CAATTTCTGTTCTCCACCCCACAC
CHRNB2_r_32	GATCAATTTCTGTTCTCCACCCCA
CHRNB2_r_33	GGAGATCAATTTCTGTTCTCCACC
CHRNB2_r_34	TTCGGAGATCAATTTCTGTTCTCC
CHRNB2_r_35	TTCTTCGGAGATCAATTTCTGTTC
CHRNB2_r_36	GTCTTCTTCGGAGATCAATTTCTG
CHRNB2_r_37	CAGGTCTTCTTCGGAGATCAATTT
CHRNB2_r_38	GTACAGGTCTTCTTCGGAGATCAA
CHRNB2_r_39	GTCGTACAGGTCTTCTTCGGAGAT
CHRNB2_r_40	ATCGTCGTACAGGTCTTCTTCGGA
