Invariant Start,Invariant End,Variable Region
TCTGATCCGA,CTATCGGTAA,AAACCCTCACCTTGCCAAAG
TCTGATCCGA,CTATCGGTAA,ATGCCTAGTGTTATACAGGA
TCTGATCCGA,CTATCGGTAA,TAAGCCTTATTTCTATTAAT
TCTGATCCGA,CTATCGGTAA,ACTAGGTGCGGGGGTACGCT
TCTGATCCGA,CTATCGGTAA,TCCACACTTATATATCTAAA
TCTGATCCGA,CTATCGGTAA,GGACAAGAATTCATATGTAT
TCTGATCCGA,CTATCGGTAA,TTACTAATACCCCTATTACT
TCTGATCCGA,CTATCGGTAA,GTTTGCCGTATAAAAATACG
TCTGATCCGA,CTATCGGTAA,CCGACCGGAAAGCCTGACAA
TCTGATCCGA,CTATCGGTAA,TTCATTCAAAACGCTTTTGA
TCTGATCCGA,CTATCGGTAA,TACTACTGCATACTTGATAC
TCTGATCCGA,CTATCGGTAA,GGCAATAACTTCATGTTTTA
TCTGATCCGA,CTATCGGTAA,TTCTTATTAAGTTCTGTATT
TCTGATCCGA,CTATCGGTAA,TTGCTCCAACTTTCAATAGG
TCTGATCCGA,CTATCGGTAA,TATTCAGGTGTTACAGGTGT
TCTGATCCGA,CTATCGGTAA,ACCTACGAATGAGAAATGAC
TCTGATCCGA,CTATCGGTAA,AACGGAAAGGCTGATGACAG
TCTGATCCGA,CTATCGGTAA,TCGGGTCCTTTAGAAACTAG
TCTGATCCGA,CTATCGGTAA,CTCCACTCTTGACCCACGCG
TCTGATCCGA,CTATCGGTAA,TAATTCCTATGATCCGTGGC
TCTGATCCGA,CTATCGGTAA,GACGGGTTAGTTCGCGACCA
TCTGATCCGA,CTATCGGTAA,GGACCTACATGATATACTAA
TCTGATCCGA,CTATCGGTAA,AATGATTCACCATTTCAGAC
TCTGATCCGA,CTATCGGTAA,TTCAGAGGAATTAGCATCAT
TCTGATCCGA,CTATCGGTAA,CTTTTTCCACACGCCTCTTT
TCTGATCCGA,CTATCGGTAA,TAATATTCGTGCACAAGTGT
TCTGATCCGA,CTATCGGTAA,GATAAGTATTCCCAAAACCA
TCTGATCCGA,CTATCGGTAA,GAAGCGTAAGATCAGGCATC
TCTGATCCGA,CTATCGGTAA,TATCCTGTATATGTCAGATT
TCTGATCCGA,CTATCGGTAA,CATTGGAAAATTTTCCCTTT
TCTGATCCGA,CTATCGGTAA,TGAGAATAGCATAAATTAAT
TCTGATCCGA,CTATCGGTAA,TTTTAGCGGTCTGCAATGTG
TCTGATCCGA,CTATCGGTAA,TTTGTATATTTGGCCTAAAA
TCTGATCCGA,CTATCGGTAA,ATTCTTATTTCTGGGGCGTC
TCTGATCCGA,CTATCGGTAA,CGATACTCAAAACCTGATTA
TCTGATCCGA,CTATCGGTAA,AGATGATCTAATATAATACG
TCTGATCCGA,CTATCGGTAA,ACTAAGTTTAGCATTAACCG
TCTGATCCGA,CTATCGGTAA,CTCGTAAACCCTCACAAAAT
TCTGATCCGA,CTATCGGTAA,GTTGGAACTAGCATTGTGGC
TCTGATCCGA,CTATCGGTAA,GCGAACTATAATCAGCCATT
TCTGATCCGA,CTATCGGTAA,CGCGACTAGAGTGTTTTAGG
TCTGATCCGA,CTATCGGTAA,TTTTTGATATTCACACAGGT
TCTGATCCGA,CTATCGGTAA,GGATAAATGACGAGCCACAG
TCTGATCCGA,CTATCGGTAA,CGCTGTCTTTCGTTCGCGCC
TCTGATCCGA,CTATCGGTAA,GATGTTGGGCGGACGGATTT
TCTGATCCGA,CTATCGGTAA,TAAATAGTCCGAAGCGATTA
TCTGATCCGA,CTATCGGTAA,TAAATAGTCCGAAGCGATTA
TCTGATCCGA,CTATCGGTAA,ATCCCGCACCTCCGAAAAAT
TCTGATCCGA,CTATCGGTAA,AGGCACTGATTAATAAGCTG
TCTGATCCGA,CTATCGGTAA,ACGTCTCCTCCGAAACAACT
TCTGATCCGA,CTATCGGTAA,CACCTGAAAAGCAGAAGGGA
TCTGATCCGA,CTATCGGTAA,TTTTACCTGTCTCATGGTTA
TCTGATCCGA,CTATCGGTAA,TAGGGCAAGGCATTCATTCG
TCTGATCCGA,CTATCGGTAA,GCCCTGTATGCGTCCGTGAG
TCTGATCCGA,CTATCGGTAA,CAACATATAAAACTAGTGAC
TCTGATCCGA,CTATCGGTAA,GCACCACAGGCATCCAGAAC
TCTGATCCGA,CTATCGGTAA,TTAGTAAAAATTCTATGGAT
TCTGATCCGA,CTATCGGTAA,ACGTACAACATTCCTCCATG
TCTGATCCGA,CTATCGGTAA,GTCGCGGATGTATATCATCT
TCTGATCCGA,CTATCGGTAA,CTGAGTATGTCATATTTTGG
TCTGATCCGA,CTATCGGTAA,TGCTGTTGTCATAGGTTATA
TCTGATCCGA,CTATCGGTAA,TAATGGGCCCGGAGCTATGA
TCTGATCCGA,CTATCGGTAA,CAGAGATATTTTCCACAATT
TCTGATCCGA,CTATCGGTAA,GGAACTTATGACTTCGTGTA
TCTGATCCGA,CTATCGGTAA,TAAGAGAAATAATCCGTCTT
TCTGATCCGA,CTATCGGTAA,CGTTCTTTTGTACGTGCGCG
TCTGATCCGA,CTATCGGTAA,TTAGCAGCCTAGGAAAGGAC
TCTGATCCGA,CTATCGGTAA,AGCAACGGGGCTACTGGAGT
TCTGATCCGA,CTATCGGTAA,TCACCAGCCCTCAACAAAAA
TCTGATCCGA,CTATCGGTAA,CACCCGCCCCGTCTACCCAA
TCTGATCCGA,CTATCGGTAA,AGCTATTCTTTCTCTCGACC
TCTGATCCGA,CTATCGGTAA,TGCAACCTGTTTCGGACTCG
TCTGATCCGA,CTATCGGTAA,GAATACTGTCTATTATAAGT
TCTGATCCGA,CTATCGGTAA,CAGCTTCTGTATTGTAGATC
TCTGATCCGA,CTATCGGTAA,TGGTTGGCTATGCATCCTAC
TCTGATCCGA,CTATCGGTAA,TTCTCCGCGAACGTCGCAAA
TCTGATCCGA,CTATCGGTAA,CGAACGTAATACGTTATAAA
TCTGATCCGA,CTATCGGTAA,CATATGTGGGAAATACCGTA
TCTGATCCGA,CTATCGGTAA,TCTCAATTTTCCATAAACTC
TCTGATCCGA,CTATCGGTAA,GAGAGTAAGGCATTTTGCCG
TCTGATCCGA,CTATCGGTAA,ACCGGAGCGTAACTGGAGTA
TCTGATCCGA,CTATCGGTAA,CTTGTAGGTGGGACAGTTGA
TCTGATCCGA,CTATCGGTAA,CCGCATACCAAAGCACGGCT
TCTGATCCGA,CTATCGGTAA,TCTGGTGACCTCGCTATGCC
TCTGATCCGA,CTATCGGTAA,GGTTGAGTGGTTTCTTATCG
TCTGATCCGA,CTATCGGTAA,CTACGTACTTATACCGGATA
TCTGATCCGA,CTATCGGTAA,GCACTCACTGGCCCTCATGC
TCTGATCCGA,CTATCGGTAA,GTTGAATGTAAACCAATTGT
TCTGATCCGA,CTATCGGTAA,CGTCTCAGATCGATGAGGTA
TCTGATCCGA,CTATCGGTAA,TGGTAAAACTATATCTTCCT
TCTGATCCGA,CTATCGGTAA,GTGTGCCATATTATAACGTA
TCTGATCCGA,CTATCGGTAA,TAATTTGTCTCTGTATTCCA
TCTGATCCGA,CTATCGGTAA,ATAAATAGTATAATAAGGCG
TCTGATCCGA,CTATCGGTAA,GTCCATGGTTAGTGGGAGCA
TCTGATCCGA,CTATCGGTAA,CGTAAGTAAAAATTAAGGGC
TCTGATCCGA,CTATCGGTAA,AAAAGTAAAGTGACACATAG
TCTGATCCGA,CTATCGGTAA,AGCGAACGACCAAACCTCGT
TCTGATCCGA,CTATCGGTAA,GGATAAATGACGAGCCACAG
TCTGATCCGA,CTATCGGTAA,AGCGCTTGTATTAGACTCTG
TCTGATCCGA,CTATCGGTAA,GCTGACGGCTTTTCAATTGG
TCTGATCCGA,CTATCGGTAA,AACTATCTTTTAAATGCCCC
TCTGATCCGA,CTATCGGTAA,TAAGACTTGGAAAAGATAAG
TCTGATCCGA,CTATCGGTAA,GGGCACTCAAAAAGGCATCA
TCTGATCCGA,CTATCGGTAA,TGGTCAAATGCTGGTCATTT
TCTGATCCGA,CTATCGGTAA,CTCCATAGGACTCGGAAACG
TCTGATCCGA,CTATCGGTAA,GCATTTCGGTGTGACGTGTC
TCTGATCCGA,CTATCGGTAA,TCATCTATCATTAGATTATC
TCTGATCCGA,CTATCGGTAA,TTTCTTGTACTGTTTCGCCC
TCTGATCCGA,CTATCGGTAA,CCTGCCTAGTACGCTAAACA
TCTGATCCGA,CTATCGGTAA,TAAAGACTTCTGGCCTGCTG
TCTGATCCGA,CTATCGGTAA,CCTGCCTAGTACGCTAAACA
TCTGATCCGA,CTATCGGTAA,ATCCTAGCATTCGCTGAGTT
TCTGATCCGA,CTATCGGTAA,CAAATATAAACCGGCAAGAT
TCTGATCCGA,CTATCGGTAA,TCCCAAGCTATGGCACTGTT
TCTGATCCGA,CTATCGGTAA,TGAAAAACCGCACGAAGGGA
TCTGATCCGA,CTATCGGTAA,TGAAAAACCGCACGAAGGGA
TCTGATCCGA,CTATCGGTAA,TAGTCCTTCGAGTTGGTATA
TCTGATCCGA,CTATCGGTAA,ATCAAGTCAAATAAAATACA
TCTGATCCGA,CTATCGGTAA,GACAACTGAAAGCCCGACGG
TCTGATCCGA,CTATCGGTAA,CATTGCCAAGTCTCTGGCAA
TCTGATCCGA,CTATCGGTAA,ATCACCACACCTCTTTAATG
TCTGATCCGA,CTATCGGTAA,ACGTTGGTCCCATTCTCTAG
TCTGATCCGA,CTATCGGTAA,ATGACCAACCCCGGTTAATA
TCTGATCCGA,CTATCGGTAA,TAATTGGACTCAAAGCTAAG
TCTGATCCGA,CTATCGGTAA,CAACGAAACGTGAGAGCCAG
TCTGATCCGA,CTATCGGTAA,ATTAACATCTGAGAATAGAC
TCTGATCCGA,CTATCGGTAA,CTACGTACTTATACCGGATA
TCTGATCCGA,CTATCGGTAA,TGCAAAATGAGCGGAAGAAG
TCTGATCCGA,CTATCGGTAA,ACTACAACACAATGTAGACT
TCTGATCCGA,CTATCGGTAA,TGACGTTTACTTATGCGATG
TCTGATCCGA,CTATCGGTAA,CTAAGAGGTTTATGATATGC
TCTGATCCGA,CTATCGGTAA,ACCACCTACAGAAGGCACGG
TCTGATCCGA,CTATCGGTAA,ATTATCAGCGTACATACTAC
TCTGATCCGA,CTATCGGTAA,ATAAAGCTTGCGAGCAATTA
TCTGATCCGA,CTATCGGTAA,GTCAATACTCTAACGAGTTA
TCTGATCCGA,CTATCGGTAA,TCGTTTGTTGCGAGCACCTC
TCTGATCCGA,CTATCGGTAA,GTATGGCGGATTAGCCCTGG
TCTGATCCGA,CTATCGGTAA,TGTTTTAAAACTATAGGAGT
TCTGATCCGA,CTATCGGTAA,CGAACTAGCTTAGCGTCATC
TCTGATCCGA,CTATCGGTAA,GCTAAAACCAATGTTTATGG
TCTGATCCGA,CTATCGGTAA,AATACCGCCCTTAATAATCA
TCTGATCCGA,CTATCGGTAA,GGCTGGTATTCGTAACCGAT
TCTGATCCGA,CTATCGGTAA,CTAATGACCGCTATAAGCGG
TCTGATCCGA,CTATCGGTAA,TACAAAATGGAAAACGAGGA
TCTGATCCGA,CTATCGGTAA,CTTAGCTAAACACCATTTGC
TCTGATCCGA,CTATCGGTAA,TTATGGGATATCTTTCGACA
TCTGATCCGA,CTATCGGTAA,ATAAAGTAAAAAGTACGCGA
TCTGATCCGA,CTATCGGTAA,CCTGCCTAGTACGCTAAACA
TCTGATCCGA,CTATCGGTAA,TGGATTGTTTAGTACGGAAT
TCTGATCCGA,CTATCGGTAA,GCCATTCTGACCCTAGCCTC
TCTGATCCGA,CTATCGGTAA,ACATGTTGTACGGTTAGTAA
TCTGATCCGA,CTATCGGTAA,AGCCACCTGAGGCTTAATAG
TCTGATCCGA,CTATCGGTAA,TATAATACTACAGATTAACG
TCTGATCCGA,CTATCGGTAA,CGTAACATTTTATCAGCCTA
TCTGATCCGA,CTATCGGTAA,CATACGAGTCTTTAGGGTCT
TCTGATCCGA,CTATCGGTAA,TATACCTAACGTTCAGTGCC
TCTGATCCGA,CTATCGGTAA,TCACTATAAGACACAAAAAA
TCTGATCCGA,CTATCGGTAA,TAGTTGCGCTATTTAGGCTC
TCTGATCCGA,CTATCGGTAA,GGTTGAGTGGTTTCTTATCG
TCTGATCCGA,CTATCGGTAA,CATAAGGACTAAACAGGTCC
TCTGATCCGA,CTATCGGTAA,CGTGAGTCGGCGAACCTTTT
TCTGATCCGA,CTATCGGTAA,TAAAGGCCATTGAGAATACA
TCTGATCCGA,CTATCGGTAA,AGACCCGTCCCCCGCCACAC
TCTGATCCGA,CTATCGGTAA,ACGTTGGTCCCATTCTCTAG
TCTGATCCGA,CTATCGGTAA,AACCTTTTTTACTTCAAGAA
TCTGATCCGA,CTATCGGTAA,CCGCTGACTGATGTATGGAT
TCTGATCCGA,CTATCGGTAA,TCGACGTTTTTGACTTTTGT
TCTGATCCGA,CTATCGGTAA,CTACGATTTGCAATTTAAAG
TCTGATCCGA,CTATCGGTAA,CATACTACAGCCCCCAATCC
TCTGATCCGA,CTATCGGTAA,CACAGGCTATAAAGTCCCTT
TCTGATCCGA,CTATCGGTAA,AATCAACCACAAAATACTGT
TCTGATCCGA,CTATCGGTAA,TCAGCATATAGACAGACATG
TCTGATCCGA,CTATCGGTAA,TTACGGTTTTTCGCTCTGCT
TCTGATCCGA,CTATCGGTAA,AGATGATCTAATATAATACG
TCTGATCCGA,CTATCGGTAA,CCTTCGTCGATCTCTTGGTA
TCTGATCCGA,CTATCGGTAA,GTTATGGCCAGTTACAGAAA
TCTGATCCGA,CTATCGGTAA,CACTATACGCGAAAATCGGC
TCTGATCCGA,CTATCGGTAA,CTCACATGGTATACATCCCA
TCTGATCCGA,CTATCGGTAA,TATCTATCGCTTGCGATTGT
TCTGATCCGA,CTATCGGTAA,ATAGTTAATTATTCGTTCGG
TCTGATCCGA,CTATCGGTAA,ATGCATCAGCAAAGTTAGGT
TCTGATCCGA,CTATCGGTAA,AACATGGAGCGTGCAGGCTG
TCTGATCCGA,CTATCGGTAA,CAGTTAGCAATATCTTCCGA
TCTGATCCGA,CTATCGGTAA,AGGCACAAAATAATTATGAT
TCTGATCCGA,CTATCGGTAA,TATTCTCTTATTTATGTTCT
TCTGATCCGA,CTATCGGTAA,TTTATTAGTTTTTGTGGTTG
TCTGATCCGA,CTATCGGTAA,CTATTCATCACAATAATGCC
TCTGATCCGA,CTATCGGTAA,CACTACGGCCCAATTAAACA
